"REF_DATE","GEO","DGUID","Labour force characteristics","Sex","Age group","UOM","UOM_ID","SCALAR_FACTOR","SCALAR_ID","VECTOR","COORDINATE","VALUE","STATUS","SYMBOL","TERMINATED","DECIMALS"
"2021-06","Canada","2016A000011124","Employment","Both sexes","15 years and over","Persons","249","thousands","3","v2091072","1.3.1.1","19159.5","","","","1"
"2021-07","Canada","2016A000011124","Employment","Both sexes","15 years and over","Persons","249","thousands","3","v2091072","1.3.1.1","19143.9","","","","1"
"2021-08","Canada","2016A000011124","Employment","Both sexes","15 years and over","Persons","249","thousands","3","v2091072","1.3.1.1","19180.9","","","","1"
"2021-09","Canada","2016A000011124","Employment","Both sexes","15 years and over","Persons","249","thousands","3","v2091072","1.3.1.1","19215.2","","","","1"
"2021-10","Canada","2016A000011124","Employment","Both sexes","15 years and over","Persons","249","thousands","3","v2091072","1.3.1.1","19224.9","","","","1"
"2021-06","Canada","2016A000011124","Employment","Both sexes","15 to 24 years","Persons","249","thousands","3","v2091073","1.3.1.2","2686.3","","","","1"
"2021-07","Canada","2016A000011124","Employment","Both sexes","15 to 24 years","Persons","249","thousands","3","v2091073","1.3.1.2","2886.2","","","","1"
"2021-08","Canada","2016A000011124","Employment","Both sexes","15 to 24 years","Persons","249","thousands","3","v2091073","1.3.1.2","2854.7","","","","1"
"2021-09","Canada","2016A000011124","Employment","Both sexes","15 to 24 years","Persons","249","thousands","3","v2091073","1.3.1.2","2482.2","","","","1"
"2021-10","Canada","2016A000011124","Employment","Both sexes","15 to 24 years","Persons","249","thousands","3","v2091073","1.3.1.2","2490.9","","","","1"
"2021-06","Canada","2016A000011124","Employment","Both sexes","25 years and over","Persons","249","thousands","3","v2091074","1.3.1.3","16473.2","","","","1"
"2021-07","Canada","2016A000011124","Employment","Both sexes","25 years and over","Persons","249","thousands","3","v2091074","1.3.1.3","16257.7","","","","1"
"2021-08","Canada","2016A000011124","Employment","Both sexes","25 years and over","Persons","249","thousands","3","v2091074","1.3.1.3","16326.2","","","","1"
"2021-09","Canada","2016A000011124","Employment","Both sexes","25 years and over","Persons","249","thousands","3","v2091074","1.3.1.3","16732.9","","","","1"
"2021-10","Canada","2016A000011124","Employment","Both sexes","25 years and over","Persons","249","thousands","3","v2091074","1.3.1.3","16733.9","","","","1"
"2021-06","Canada","2016A000011124","Employment","Both sexes","25 to 44 years","Persons","249","thousands","3","v2091075","1.3.1.4","8394.8","","","","1"
"2021-07","Canada","2016A000011124","Employment","Both sexes","25 to 44 years","Persons","249","thousands","3","v2091075","1.3.1.4","8329.9","","","","1"
"2021-08","Canada","2016A000011124","Employment","Both sexes","25 to 44 years","Persons","249","thousands","3","v2091075","1.3.1.4","8362.9","","","","1"
"2021-09","Canada","2016A000011124","Employment","Both sexes","25 to 44 years","Persons","249","thousands","3","v2091075","1.3.1.4","8584.9","","","","1"
"2021-10","Canada","2016A000011124","Employment","Both sexes","25 to 44 years","Persons","249","thousands","3","v2091075","1.3.1.4","8610.3","","","","1"
"2021-06","Canada","2016A000011124","Employment","Both sexes","45 to 64 years","Persons","249","thousands","3","v19650588","1.3.1.22","7186.5","","","","1"
"2021-07","Canada","2016A000011124","Employment","Both sexes","45 to 64 years","Persons","249","thousands","3","v19650588","1.3.1.22","7067.6","","","","1"
"2021-08","Canada","2016A000011124","Employment","Both sexes","45 to 64 years","Persons","249","thousands","3","v19650588","1.3.1.22","7105.2","","","","1"
"2021-09","Canada","2016A000011124","Employment","Both sexes","45 to 64 years","Persons","249","thousands","3","v19650588","1.3.1.22","7263.9","","","","1"
"2021-10","Canada","2016A000011124","Employment","Both sexes","45 to 64 years","Persons","249","thousands","3","v19650588","1.3.1.22","7244.4","","","","1"
"2021-06","Canada","2016A000011124","Employment","Both sexes","45 years and over","Persons","249","thousands","3","v2091076","1.3.1.5","8078.5","","","","1"
"2021-07","Canada","2016A000011124","Employment","Both sexes","45 years and over","Persons","249","thousands","3","v2091076","1.3.1.5","7927.9","","","","1"
"2021-08","Canada","2016A000011124","Employment","Both sexes","45 years and over","Persons","249","thousands","3","v2091076","1.3.1.5","7963.3","","","","1"
"2021-09","Canada","2016A000011124","Employment","Both sexes","45 years and over","Persons","249","thousands","3","v2091076","1.3.1.5","8148.0","","","","1"
"2021-10","Canada","2016A000011124","Employment","Both sexes","45 years and over","Persons","249","thousands","3","v2091076","1.3.1.5","8123.6","","","","1"
"2021-06","Canada","2016A000011124","Employment","Both sexes","25 to 54 years","Persons","249","thousands","3","v2091077","1.3.1.6","12288.1","","","","1"
"2021-07","Canada","2016A000011124","Employment","Both sexes","25 to 54 years","Persons","249","thousands","3","v2091077","1.3.1.6","12168.8","","","","1"
"2021-08","Canada","2016A000011124","Employment","Both sexes","25 to 54 years","Persons","249","thousands","3","v2091077","1.3.1.6","12210.3","","","","1"
"2021-09","Canada","2016A000011124","Employment","Both sexes","25 to 54 years","Persons","249","thousands","3","v2091077","1.3.1.6","12517.7","","","","1"
"2021-10","Canada","2016A000011124","Employment","Both sexes","25 to 54 years","Persons","249","thousands","3","v2091077","1.3.1.6","12545.2","","","","1"
"2021-06","Canada","2016A000011124","Employment","Both sexes","55 years and over","Persons","249","thousands","3","v2091078","1.3.1.7","4185.2","","","","1"
"2021-07","Canada","2016A000011124","Employment","Both sexes","55 years and over","Persons","249","thousands","3","v2091078","1.3.1.7","4088.9","","","","1"
"2021-08","Canada","2016A000011124","Employment","Both sexes","55 years and over","Persons","249","thousands","3","v2091078","1.3.1.7","4115.9","","","","1"
"2021-09","Canada","2016A000011124","Employment","Both sexes","55 years and over","Persons","249","thousands","3","v2091078","1.3.1.7","4215.2","","","","1"
"2021-10","Canada","2016A000011124","Employment","Both sexes","55 years and over","Persons","249","thousands","3","v2091078","1.3.1.7","4188.7","","","","1"
"2021-06","Canada","2016A000011124","Employment","Both sexes","15 to 64 years","Persons","249","thousands","3","v2091079","1.3.1.8","18267.5","","","","1"
"2021-07","Canada","2016A000011124","Employment","Both sexes","15 to 64 years","Persons","249","thousands","3","v2091079","1.3.1.8","18283.6","","","","1"
"2021-08","Canada","2016A000011124","Employment","Both sexes","15 to 64 years","Persons","249","thousands","3","v2091079","1.3.1.8","18322.8","","","","1"
"2021-09","Canada","2016A000011124","Employment","Both sexes","15 to 64 years","Persons","249","thousands","3","v2091079","1.3.1.8","18331.1","","","","1"
"2021-10","Canada","2016A000011124","Employment","Both sexes","15 to 64 years","Persons","249","thousands","3","v2091079","1.3.1.8","18345.6","","","","1"
"2021-06","Canada","2016A000011124","Employment","Both sexes","15 to 19 years","Persons","249","thousands","3","v2091080","1.3.1.9","951.1","","","","1"
"2021-07","Canada","2016A000011124","Employment","Both sexes","15 to 19 years","Persons","249","thousands","3","v2091080","1.3.1.9","1113.2","","","","1"
"2021-08","Canada","2016A000011124","Employment","Both sexes","15 to 19 years","Persons","249","thousands","3","v2091080","1.3.1.9","1088.6","","","","1"
"2021-09","Canada","2016A000011124","Employment","Both sexes","15 to 19 years","Persons","249","thousands","3","v2091080","1.3.1.9","874.8","","","","1"
"2021-10","Canada","2016A000011124","Employment","Both sexes","15 to 19 years","Persons","249","thousands","3","v2091080","1.3.1.9","873.3","","","","1"
"2021-06","Canada","2016A000011124","Employment","Both sexes","20 to 24 years","Persons","249","thousands","3","v2091081","1.3.1.10","1735.1","","","","1"
"2021-07","Canada","2016A000011124","Employment","Both sexes","20 to 24 years","Persons","249","thousands","3","v2091081","1.3.1.10","1773.0","","","","1"
"2021-08","Canada","2016A000011124","Employment","Both sexes","20 to 24 years","Persons","249","thousands","3","v2091081","1.3.1.10","1766.0","","","","1"
"2021-09","Canada","2016A000011124","Employment","Both sexes","20 to 24 years","Persons","249","thousands","3","v2091081","1.3.1.10","1607.4","","","","1"
"2021-10","Canada","2016A000011124","Employment","Both sexes","20 to 24 years","Persons","249","thousands","3","v2091081","1.3.1.10","1617.6","","","","1"
"2021-06","Canada","2016A000011124","Employment","Both sexes","25 to 29 years","Persons","249","thousands","3","v2091082","1.3.1.11","2058.4","","","","1"
"2021-07","Canada","2016A000011124","Employment","Both sexes","25 to 29 years","Persons","249","thousands","3","v2091082","1.3.1.11","2027.0","","","","1"
"2021-08","Canada","2016A000011124","Employment","Both sexes","25 to 29 years","Persons","249","thousands","3","v2091082","1.3.1.11","2048.2","","","","1"
"2021-09","Canada","2016A000011124","Employment","Both sexes","25 to 29 years","Persons","249","thousands","3","v2091082","1.3.1.11","2086.6","","","","1"
"2021-10","Canada","2016A000011124","Employment","Both sexes","25 to 29 years","Persons","249","thousands","3","v2091082","1.3.1.11","2068.0","","","","1"
"2021-06","Canada","2016A000011124","Employment","Both sexes","30 to 34 years","Persons","249","thousands","3","v2091083","1.3.1.12","2152.3","","","","1"
"2021-07","Canada","2016A000011124","Employment","Both sexes","30 to 34 years","Persons","249","thousands","3","v2091083","1.3.1.12","2160.4","","","","1"
"2021-08","Canada","2016A000011124","Employment","Both sexes","30 to 34 years","Persons","249","thousands","3","v2091083","1.3.1.12","2147.6","","","","1"
"2021-09","Canada","2016A000011124","Employment","Both sexes","30 to 34 years","Persons","249","thousands","3","v2091083","1.3.1.12","2212.2","","","","1"
"2021-10","Canada","2016A000011124","Employment","Both sexes","30 to 34 years","Persons","249","thousands","3","v2091083","1.3.1.12","2242.1","","","","1"
"2021-06","Canada","2016A000011124","Employment","Both sexes","35 to 39 years","Persons","249","thousands","3","v2091084","1.3.1.13","2117.3","","","","1"
"2021-07","Canada","2016A000011124","Employment","Both sexes","35 to 39 years","Persons","249","thousands","3","v2091084","1.3.1.13","2055.2","","","","1"
"2021-08","Canada","2016A000011124","Employment","Both sexes","35 to 39 years","Persons","249","thousands","3","v2091084","1.3.1.13","2090.0","","","","1"
"2021-09","Canada","2016A000011124","Employment","Both sexes","35 to 39 years","Persons","249","thousands","3","v2091084","1.3.1.13","2137.4","","","","1"
"2021-10","Canada","2016A000011124","Employment","Both sexes","35 to 39 years","Persons","249","thousands","3","v2091084","1.3.1.13","2137.1","","","","1"
"2021-06","Canada","2016A000011124","Employment","Both sexes","40 to 44 years","Persons","249","thousands","3","v2091085","1.3.1.14","2066.8","","","","1"
"2021-07","Canada","2016A000011124","Employment","Both sexes","40 to 44 years","Persons","249","thousands","3","v2091085","1.3.1.14","2087.3","","","","1"
"2021-08","Canada","2016A000011124","Employment","Both sexes","40 to 44 years","Persons","249","thousands","3","v2091085","1.3.1.14","2077.2","","","","1"
"2021-09","Canada","2016A000011124","Employment","Both sexes","40 to 44 years","Persons","249","thousands","3","v2091085","1.3.1.14","2148.6","","","","1"
"2021-10","Canada","2016A000011124","Employment","Both sexes","40 to 44 years","Persons","249","thousands","3","v2091085","1.3.1.14","2163.1","","","","1"
"2021-06","Canada","2016A000011124","Employment","Both sexes","45 to 49 years","Persons","249","thousands","3","v2091086","1.3.1.15","1900.4","","","","1"
"2021-07","Canada","2016A000011124","Employment","Both sexes","45 to 49 years","Persons","249","thousands","3","v2091086","1.3.1.15","1878.2","","","","1"
"2021-08","Canada","2016A000011124","Employment","Both sexes","45 to 49 years","Persons","249","thousands","3","v2091086","1.3.1.15","1865.3","","","","1"
"2021-09","Canada","2016A000011124","Employment","Both sexes","45 to 49 years","Persons","249","thousands","3","v2091086","1.3.1.15","1908.5","","","","1"
"2021-10","Canada","2016A000011124","Employment","Both sexes","45 to 49 years","Persons","249","thousands","3","v2091086","1.3.1.15","1884.6","","","","1"
"2021-06","Canada","2016A000011124","Employment","Both sexes","50 to 54 years","Persons","249","thousands","3","v2091087","1.3.1.16","1992.9","","","","1"
"2021-07","Canada","2016A000011124","Employment","Both sexes","50 to 54 years","Persons","249","thousands","3","v2091087","1.3.1.16","1960.7","","","","1"
"2021-08","Canada","2016A000011124","Employment","Both sexes","50 to 54 years","Persons","249","thousands","3","v2091087","1.3.1.16","1982.0","","","","1"
"2021-09","Canada","2016A000011124","Employment","Both sexes","50 to 54 years","Persons","249","thousands","3","v2091087","1.3.1.16","2024.3","","","","1"
"2021-10","Canada","2016A000011124","Employment","Both sexes","50 to 54 years","Persons","249","thousands","3","v2091087","1.3.1.16","2050.2","","","","1"
"2021-06","Canada","2016A000011124","Employment","Both sexes","55 to 59 years","Persons","249","thousands","3","v2091088","1.3.1.17","1898.3","","","","1"
"2021-07","Canada","2016A000011124","Employment","Both sexes","55 to 59 years","Persons","249","thousands","3","v2091088","1.3.1.17","1870.5","","","","1"
"2021-08","Canada","2016A000011124","Employment","Both sexes","55 to 59 years","Persons","249","thousands","3","v2091088","1.3.1.17","1891.6","","","","1"
"2021-09","Canada","2016A000011124","Employment","Both sexes","55 to 59 years","Persons","249","thousands","3","v2091088","1.3.1.17","1926.7","","","","1"
"2021-10","Canada","2016A000011124","Employment","Both sexes","55 to 59 years","Persons","249","thousands","3","v2091088","1.3.1.17","1910.3","","","","1"
"2021-06","Canada","2016A000011124","Employment","Both sexes","60 to 64 years","Persons","249","thousands","3","v2091089","1.3.1.18","1394.9","","","","1"
"2021-07","Canada","2016A000011124","Employment","Both sexes","60 to 64 years","Persons","249","thousands","3","v2091089","1.3.1.18","1358.1","","","","1"
"2021-08","Canada","2016A000011124","Employment","Both sexes","60 to 64 years","Persons","249","thousands","3","v2091089","1.3.1.18","1366.3","","","","1"
"2021-09","Canada","2016A000011124","Employment","Both sexes","60 to 64 years","Persons","249","thousands","3","v2091089","1.3.1.18","1404.4","","","","1"
"2021-10","Canada","2016A000011124","Employment","Both sexes","60 to 64 years","Persons","249","thousands","3","v2091089","1.3.1.18","1399.2","","","","1"
"2021-06","Canada","2016A000011124","Employment","Both sexes","65 years and over","Persons","249","thousands","3","v2091090","1.3.1.19","892.0","","","","1"
"2021-07","Canada","2016A000011124","Employment","Both sexes","65 years and over","Persons","249","thousands","3","v2091090","1.3.1.19","860.3","","","","1"
"2021-08","Canada","2016A000011124","Employment","Both sexes","65 years and over","Persons","249","thousands","3","v2091090","1.3.1.19","858.1","","","","1"
"2021-09","Canada","2016A000011124","Employment","Both sexes","65 years and over","Persons","249","thousands","3","v2091090","1.3.1.19","884.1","","","","1"
"2021-10","Canada","2016A000011124","Employment","Both sexes","65 years and over","Persons","249","thousands","3","v2091090","1.3.1.19","879.2","","","","1"
"2021-06","Canada","2016A000011124","Employment","Both sexes","65 to 69 years","Persons","249","thousands","3","v2091091","1.3.1.20","562.4","","","","1"
"2021-07","Canada","2016A000011124","Employment","Both sexes","65 to 69 years","Persons","249","thousands","3","v2091091","1.3.1.20","538.2","","","","1"
"2021-08","Canada","2016A000011124","Employment","Both sexes","65 to 69 years","Persons","249","thousands","3","v2091091","1.3.1.20","545.6","","","","1"
"2021-09","Canada","2016A000011124","Employment","Both sexes","65 to 69 years","Persons","249","thousands","3","v2091091","1.3.1.20","576.8","","","","1"
"2021-10","Canada","2016A000011124","Employment","Both sexes","65 to 69 years","Persons","249","thousands","3","v2091091","1.3.1.20","565.1","","","","1"
"2021-06","Canada","2016A000011124","Employment","Both sexes","70 years and over","Persons","249","thousands","3","v2091092","1.3.1.21","329.6","","","","1"
"2021-07","Canada","2016A000011124","Employment","Both sexes","70 years and over","Persons","249","thousands","3","v2091092","1.3.1.21","322.1","","","","1"
"2021-08","Canada","2016A000011124","Employment","Both sexes","70 years and over","Persons","249","thousands","3","v2091092","1.3.1.21","312.5","","","","1"
"2021-09","Canada","2016A000011124","Employment","Both sexes","70 years and over","Persons","249","thousands","3","v2091092","1.3.1.21","307.3","","","","1"
"2021-10","Canada","2016A000011124","Employment","Both sexes","70 years and over","Persons","249","thousands","3","v2091092","1.3.1.21","314.2","","","","1"
"2021-06","Canada","2016A000011124","Employment","Males","15 years and over","Persons","249","thousands","3","v2091282","1.3.2.1","10112.9","","","","1"
"2021-07","Canada","2016A000011124","Employment","Males","15 years and over","Persons","249","thousands","3","v2091282","1.3.2.1","10195.8","","","","1"
"2021-08","Canada","2016A000011124","Employment","Males","15 years and over","Persons","249","thousands","3","v2091282","1.3.2.1","10208.3","","","","1"
"2021-09","Canada","2016A000011124","Employment","Males","15 years and over","Persons","249","thousands","3","v2091282","1.3.2.1","10121.8","","","","1"
"2021-10","Canada","2016A000011124","Employment","Males","15 years and over","Persons","249","thousands","3","v2091282","1.3.2.1","10123.7","","","","1"
"2021-06","Canada","2016A000011124","Employment","Males","15 to 24 years","Persons","249","thousands","3","v2091283","1.3.2.2","1373.7","","","","1"
"2021-07","Canada","2016A000011124","Employment","Males","15 to 24 years","Persons","249","thousands","3","v2091283","1.3.2.2","1480.2","","","","1"
"2021-08","Canada","2016A000011124","Employment","Males","15 to 24 years","Persons","249","thousands","3","v2091283","1.3.2.2","1449.3","","","","1"
"2021-09","Canada","2016A000011124","Employment","Males","15 to 24 years","Persons","249","thousands","3","v2091283","1.3.2.2","1244.5","","","","1"
"2021-10","Canada","2016A000011124","Employment","Males","15 to 24 years","Persons","249","thousands","3","v2091283","1.3.2.2","1237.8","","","","1"
"2021-06","Canada","2016A000011124","Employment","Males","25 years and over","Persons","249","thousands","3","v2091284","1.3.2.3","8739.2","","","","1"
"2021-07","Canada","2016A000011124","Employment","Males","25 years and over","Persons","249","thousands","3","v2091284","1.3.2.3","8715.6","","","","1"
"2021-08","Canada","2016A000011124","Employment","Males","25 years and over","Persons","249","thousands","3","v2091284","1.3.2.3","8759.0","","","","1"
"2021-09","Canada","2016A000011124","Employment","Males","25 years and over","Persons","249","thousands","3","v2091284","1.3.2.3","8877.3","","","","1"
"2021-10","Canada","2016A000011124","Employment","Males","25 years and over","Persons","249","thousands","3","v2091284","1.3.2.3","8885.8","","","","1"
"2021-06","Canada","2016A000011124","Employment","Males","25 to 44 years","Persons","249","thousands","3","v2091285","1.3.2.4","4405.6","","","","1"
"2021-07","Canada","2016A000011124","Employment","Males","25 to 44 years","Persons","249","thousands","3","v2091285","1.3.2.4","4401.5","","","","1"
"2021-08","Canada","2016A000011124","Employment","Males","25 to 44 years","Persons","249","thousands","3","v2091285","1.3.2.4","4434.4","","","","1"
"2021-09","Canada","2016A000011124","Employment","Males","25 to 44 years","Persons","249","thousands","3","v2091285","1.3.2.4","4497.1","","","","1"
"2021-10","Canada","2016A000011124","Employment","Males","25 to 44 years","Persons","249","thousands","3","v2091285","1.3.2.4","4524.4","","","","1"
"2021-06","Canada","2016A000011124","Employment","Males","45 to 64 years","Persons","249","thousands","3","v19650589","1.3.2.22","3778.7","","","","1"
"2021-07","Canada","2016A000011124","Employment","Males","45 to 64 years","Persons","249","thousands","3","v19650589","1.3.2.22","3774.7","","","","1"
"2021-08","Canada","2016A000011124","Employment","Males","45 to 64 years","Persons","249","thousands","3","v19650589","1.3.2.22","3781.7","","","","1"
"2021-09","Canada","2016A000011124","Employment","Males","45 to 64 years","Persons","249","thousands","3","v19650589","1.3.2.22","3818.1","","","","1"
"2021-10","Canada","2016A000011124","Employment","Males","45 to 64 years","Persons","249","thousands","3","v19650589","1.3.2.22","3805.4","","","","1"
"2021-06","Canada","2016A000011124","Employment","Males","45 years and over","Persons","249","thousands","3","v2091286","1.3.2.5","4333.6","","","","1"
"2021-07","Canada","2016A000011124","Employment","Males","45 years and over","Persons","249","thousands","3","v2091286","1.3.2.5","4314.1","","","","1"
"2021-08","Canada","2016A000011124","Employment","Males","45 years and over","Persons","249","thousands","3","v2091286","1.3.2.5","4324.7","","","","1"
"2021-09","Canada","2016A000011124","Employment","Males","45 years and over","Persons","249","thousands","3","v2091286","1.3.2.5","4380.2","","","","1"
"2021-10","Canada","2016A000011124","Employment","Males","45 years and over","Persons","249","thousands","3","v2091286","1.3.2.5","4361.5","","","","1"
"2021-06","Canada","2016A000011124","Employment","Males","25 to 54 years","Persons","249","thousands","3","v2091287","1.3.2.6","6411.0","","","","1"
"2021-07","Canada","2016A000011124","Employment","Males","25 to 54 years","Persons","249","thousands","3","v2091287","1.3.2.6","6403.0","","","","1"
"2021-08","Canada","2016A000011124","Employment","Males","25 to 54 years","Persons","249","thousands","3","v2091287","1.3.2.6","6433.2","","","","1"
"2021-09","Canada","2016A000011124","Employment","Males","25 to 54 years","Persons","249","thousands","3","v2091287","1.3.2.6","6517.1","","","","1"
"2021-10","Canada","2016A000011124","Employment","Males","25 to 54 years","Persons","249","thousands","3","v2091287","1.3.2.6","6537.6","","","","1"
"2021-06","Canada","2016A000011124","Employment","Males","55 years and over","Persons","249","thousands","3","v2091288","1.3.2.7","2328.2","","","","1"
"2021-07","Canada","2016A000011124","Employment","Males","55 years and over","Persons","249","thousands","3","v2091288","1.3.2.7","2312.6","","","","1"
"2021-08","Canada","2016A000011124","Employment","Males","55 years and over","Persons","249","thousands","3","v2091288","1.3.2.7","2325.8","","","","1"
"2021-09","Canada","2016A000011124","Employment","Males","55 years and over","Persons","249","thousands","3","v2091288","1.3.2.7","2360.2","","","","1"
"2021-10","Canada","2016A000011124","Employment","Males","55 years and over","Persons","249","thousands","3","v2091288","1.3.2.7","2348.3","","","","1"
"2021-06","Canada","2016A000011124","Employment","Males","15 to 64 years","Persons","249","thousands","3","v2091289","1.3.2.8","9558.0","","","","1"
"2021-07","Canada","2016A000011124","Employment","Males","15 to 64 years","Persons","249","thousands","3","v2091289","1.3.2.8","9656.4","","","","1"
"2021-08","Canada","2016A000011124","Employment","Males","15 to 64 years","Persons","249","thousands","3","v2091289","1.3.2.8","9665.4","","","","1"
"2021-09","Canada","2016A000011124","Employment","Males","15 to 64 years","Persons","249","thousands","3","v2091289","1.3.2.8","9559.7","","","","1"
"2021-10","Canada","2016A000011124","Employment","Males","15 to 64 years","Persons","249","thousands","3","v2091289","1.3.2.8","9567.6","","","","1"
"2021-06","Canada","2016A000011124","Employment","Males","15 to 19 years","Persons","249","thousands","3","v2091290","1.3.2.9","484.9","","","","1"
"2021-07","Canada","2016A000011124","Employment","Males","15 to 19 years","Persons","249","thousands","3","v2091290","1.3.2.9","566.5","","","","1"
"2021-08","Canada","2016A000011124","Employment","Males","15 to 19 years","Persons","249","thousands","3","v2091290","1.3.2.9","534.1","","","","1"
"2021-09","Canada","2016A000011124","Employment","Males","15 to 19 years","Persons","249","thousands","3","v2091290","1.3.2.9","419.0","","","","1"
"2021-10","Canada","2016A000011124","Employment","Males","15 to 19 years","Persons","249","thousands","3","v2091290","1.3.2.9","409.6","","","","1"
"2021-06","Canada","2016A000011124","Employment","Males","20 to 24 years","Persons","249","thousands","3","v2091291","1.3.2.10","888.8","","","","1"
"2021-07","Canada","2016A000011124","Employment","Males","20 to 24 years","Persons","249","thousands","3","v2091291","1.3.2.10","913.7","","","","1"
"2021-08","Canada","2016A000011124","Employment","Males","20 to 24 years","Persons","249","thousands","3","v2091291","1.3.2.10","915.2","","","","1"
"2021-09","Canada","2016A000011124","Employment","Males","20 to 24 years","Persons","249","thousands","3","v2091291","1.3.2.10","825.5","","","","1"
"2021-10","Canada","2016A000011124","Employment","Males","20 to 24 years","Persons","249","thousands","3","v2091291","1.3.2.10","828.2","","","","1"
"2021-06","Canada","2016A000011124","Employment","Males","25 to 29 years","Persons","249","thousands","3","v2091292","1.3.2.11","1070.9","","","","1"
"2021-07","Canada","2016A000011124","Employment","Males","25 to 29 years","Persons","249","thousands","3","v2091292","1.3.2.11","1063.1","","","","1"
"2021-08","Canada","2016A000011124","Employment","Males","25 to 29 years","Persons","249","thousands","3","v2091292","1.3.2.11","1079.6","","","","1"
"2021-09","Canada","2016A000011124","Employment","Males","25 to 29 years","Persons","249","thousands","3","v2091292","1.3.2.11","1086.2","","","","1"
"2021-10","Canada","2016A000011124","Employment","Males","25 to 29 years","Persons","249","thousands","3","v2091292","1.3.2.11","1082.8","","","","1"
"2021-06","Canada","2016A000011124","Employment","Males","30 to 34 years","Persons","249","thousands","3","v2091293","1.3.2.12","1135.3","","","","1"
"2021-07","Canada","2016A000011124","Employment","Males","30 to 34 years","Persons","249","thousands","3","v2091293","1.3.2.12","1145.6","","","","1"
"2021-08","Canada","2016A000011124","Employment","Males","30 to 34 years","Persons","249","thousands","3","v2091293","1.3.2.12","1153.6","","","","1"
"2021-09","Canada","2016A000011124","Employment","Males","30 to 34 years","Persons","249","thousands","3","v2091293","1.3.2.12","1168.7","","","","1"
"2021-10","Canada","2016A000011124","Employment","Males","30 to 34 years","Persons","249","thousands","3","v2091293","1.3.2.12","1194.1","","","","1"
"2021-06","Canada","2016A000011124","Employment","Males","35 to 39 years","Persons","249","thousands","3","v2091294","1.3.2.13","1124.7","","","","1"
"2021-07","Canada","2016A000011124","Employment","Males","35 to 39 years","Persons","249","thousands","3","v2091294","1.3.2.13","1115.3","","","","1"
"2021-08","Canada","2016A000011124","Employment","Males","35 to 39 years","Persons","249","thousands","3","v2091294","1.3.2.13","1111.8","","","","1"
"2021-09","Canada","2016A000011124","Employment","Males","35 to 39 years","Persons","249","thousands","3","v2091294","1.3.2.13","1146.2","","","","1"
"2021-10","Canada","2016A000011124","Employment","Males","35 to 39 years","Persons","249","thousands","3","v2091294","1.3.2.13","1138.4","","","","1"
"2021-06","Canada","2016A000011124","Employment","Males","40 to 44 years","Persons","249","thousands","3","v2091295","1.3.2.14","1074.7","","","","1"
"2021-07","Canada","2016A000011124","Employment","Males","40 to 44 years","Persons","249","thousands","3","v2091295","1.3.2.14","1077.5","","","","1"
"2021-08","Canada","2016A000011124","Employment","Males","40 to 44 years","Persons","249","thousands","3","v2091295","1.3.2.14","1089.5","","","","1"
"2021-09","Canada","2016A000011124","Employment","Males","40 to 44 years","Persons","249","thousands","3","v2091295","1.3.2.14","1096.0","","","","1"
"2021-10","Canada","2016A000011124","Employment","Males","40 to 44 years","Persons","249","thousands","3","v2091295","1.3.2.14","1109.0","","","","1"
"2021-06","Canada","2016A000011124","Employment","Males","45 to 49 years","Persons","249","thousands","3","v2091296","1.3.2.15","971.3","","","","1"
"2021-07","Canada","2016A000011124","Employment","Males","45 to 49 years","Persons","249","thousands","3","v2091296","1.3.2.15","988.1","","","","1"
"2021-08","Canada","2016A000011124","Employment","Males","45 to 49 years","Persons","249","thousands","3","v2091296","1.3.2.15","981.1","","","","1"
"2021-09","Canada","2016A000011124","Employment","Males","45 to 49 years","Persons","249","thousands","3","v2091296","1.3.2.15","995.4","","","","1"
"2021-10","Canada","2016A000011124","Employment","Males","45 to 49 years","Persons","249","thousands","3","v2091296","1.3.2.15","971.5","","","","1"
"2021-06","Canada","2016A000011124","Employment","Males","50 to 54 years","Persons","249","thousands","3","v2091297","1.3.2.16","1034.1","","","","1"
"2021-07","Canada","2016A000011124","Employment","Males","50 to 54 years","Persons","249","thousands","3","v2091297","1.3.2.16","1013.4","","","","1"
"2021-08","Canada","2016A000011124","Employment","Males","50 to 54 years","Persons","249","thousands","3","v2091297","1.3.2.16","1017.7","","","","1"
"2021-09","Canada","2016A000011124","Employment","Males","50 to 54 years","Persons","249","thousands","3","v2091297","1.3.2.16","1024.5","","","","1"
"2021-10","Canada","2016A000011124","Employment","Males","50 to 54 years","Persons","249","thousands","3","v2091297","1.3.2.16","1041.7","","","","1"
"2021-06","Canada","2016A000011124","Employment","Males","55 to 59 years","Persons","249","thousands","3","v2091298","1.3.2.17","1015.1","","","","1"
"2021-07","Canada","2016A000011124","Employment","Males","55 to 59 years","Persons","249","thousands","3","v2091298","1.3.2.17","1010.7","","","","1"
"2021-08","Canada","2016A000011124","Employment","Males","55 to 59 years","Persons","249","thousands","3","v2091298","1.3.2.17","1026.1","","","","1"
"2021-09","Canada","2016A000011124","Employment","Males","55 to 59 years","Persons","249","thousands","3","v2091298","1.3.2.17","1032.3","","","","1"
"2021-10","Canada","2016A000011124","Employment","Males","55 to 59 years","Persons","249","thousands","3","v2091298","1.3.2.17","1020.4","","","","1"
"2021-06","Canada","2016A000011124","Employment","Males","60 to 64 years","Persons","249","thousands","3","v2091299","1.3.2.18","758.2","","","","1"
"2021-07","Canada","2016A000011124","Employment","Males","60 to 64 years","Persons","249","thousands","3","v2091299","1.3.2.18","762.5","","","","1"
"2021-08","Canada","2016A000011124","Employment","Males","60 to 64 years","Persons","249","thousands","3","v2091299","1.3.2.18","756.8","","","","1"
"2021-09","Canada","2016A000011124","Employment","Males","60 to 64 years","Persons","249","thousands","3","v2091299","1.3.2.18","765.9","","","","1"
"2021-10","Canada","2016A000011124","Employment","Males","60 to 64 years","Persons","249","thousands","3","v2091299","1.3.2.18","771.8","","","","1"
"2021-06","Canada","2016A000011124","Employment","Males","65 years and over","Persons","249","thousands","3","v2091300","1.3.2.19","554.9","","","","1"
"2021-07","Canada","2016A000011124","Employment","Males","65 years and over","Persons","249","thousands","3","v2091300","1.3.2.19","539.4","","","","1"
"2021-08","Canada","2016A000011124","Employment","Males","65 years and over","Persons","249","thousands","3","v2091300","1.3.2.19","542.9","","","","1"
"2021-09","Canada","2016A000011124","Employment","Males","65 years and over","Persons","249","thousands","3","v2091300","1.3.2.19","562.1","","","","1"
"2021-10","Canada","2016A000011124","Employment","Males","65 years and over","Persons","249","thousands","3","v2091300","1.3.2.19","556.1","","","","1"
"2021-06","Canada","2016A000011124","Employment","Males","65 to 69 years","Persons","249","thousands","3","v2091301","1.3.2.20","329.0","","","","1"
"2021-07","Canada","2016A000011124","Employment","Males","65 to 69 years","Persons","249","thousands","3","v2091301","1.3.2.20","316.6","","","","1"
"2021-08","Canada","2016A000011124","Employment","Males","65 to 69 years","Persons","249","thousands","3","v2091301","1.3.2.20","325.9","","","","1"
"2021-09","Canada","2016A000011124","Employment","Males","65 to 69 years","Persons","249","thousands","3","v2091301","1.3.2.20","346.3","","","","1"
"2021-10","Canada","2016A000011124","Employment","Males","65 to 69 years","Persons","249","thousands","3","v2091301","1.3.2.20","337.7","","","","1"
"2021-06","Canada","2016A000011124","Employment","Males","70 years and over","Persons","249","thousands","3","v2091302","1.3.2.21","225.8","","","","1"
"2021-07","Canada","2016A000011124","Employment","Males","70 years and over","Persons","249","thousands","3","v2091302","1.3.2.21","222.7","","","","1"
"2021-08","Canada","2016A000011124","Employment","Males","70 years and over","Persons","249","thousands","3","v2091302","1.3.2.21","217.1","","","","1"
"2021-09","Canada","2016A000011124","Employment","Males","70 years and over","Persons","249","thousands","3","v2091302","1.3.2.21","215.8","","","","1"
"2021-10","Canada","2016A000011124","Employment","Males","70 years and over","Persons","249","thousands","3","v2091302","1.3.2.21","218.4","","","","1"
"2021-06","Canada","2016A000011124","Employment","Females","15 years and over","Persons","249","thousands","3","v2091492","1.3.3.1","9046.6","","","","1"
"2021-07","Canada","2016A000011124","Employment","Females","15 years and over","Persons","249","thousands","3","v2091492","1.3.3.1","8948.1","","","","1"
"2021-08","Canada","2016A000011124","Employment","Females","15 years and over","Persons","249","thousands","3","v2091492","1.3.3.1","8972.6","","","","1"
"2021-09","Canada","2016A000011124","Employment","Females","15 years and over","Persons","249","thousands","3","v2091492","1.3.3.1","9093.4","","","","1"
"2021-10","Canada","2016A000011124","Employment","Females","15 years and over","Persons","249","thousands","3","v2091492","1.3.3.1","9101.2","","","","1"
"2021-06","Canada","2016A000011124","Employment","Females","15 to 24 years","Persons","249","thousands","3","v2091493","1.3.3.2","1312.6","","","","1"
"2021-07","Canada","2016A000011124","Employment","Females","15 to 24 years","Persons","249","thousands","3","v2091493","1.3.3.2","1405.9","","","","1"
"2021-08","Canada","2016A000011124","Employment","Females","15 to 24 years","Persons","249","thousands","3","v2091493","1.3.3.2","1405.4","","","","1"
"2021-09","Canada","2016A000011124","Employment","Females","15 to 24 years","Persons","249","thousands","3","v2091493","1.3.3.2","1237.7","","","","1"
"2021-10","Canada","2016A000011124","Employment","Females","15 to 24 years","Persons","249","thousands","3","v2091493","1.3.3.2","1253.1","","","","1"
"2021-06","Canada","2016A000011124","Employment","Females","25 years and over","Persons","249","thousands","3","v2091494","1.3.3.3","7734.0","","","","1"
"2021-07","Canada","2016A000011124","Employment","Females","25 years and over","Persons","249","thousands","3","v2091494","1.3.3.3","7542.2","","","","1"
"2021-08","Canada","2016A000011124","Employment","Females","25 years and over","Persons","249","thousands","3","v2091494","1.3.3.3","7567.2","","","","1"
"2021-09","Canada","2016A000011124","Employment","Females","25 years and over","Persons","249","thousands","3","v2091494","1.3.3.3","7855.6","","","","1"
"2021-10","Canada","2016A000011124","Employment","Females","25 years and over","Persons","249","thousands","3","v2091494","1.3.3.3","7848.1","","","","1"
"2021-06","Canada","2016A000011124","Employment","Females","25 to 44 years","Persons","249","thousands","3","v2091495","1.3.3.4","3989.1","","","","1"
"2021-07","Canada","2016A000011124","Employment","Females","25 to 44 years","Persons","249","thousands","3","v2091495","1.3.3.4","3928.4","","","","1"
"2021-08","Canada","2016A000011124","Employment","Females","25 to 44 years","Persons","249","thousands","3","v2091495","1.3.3.4","3928.6","","","","1"
"2021-09","Canada","2016A000011124","Employment","Females","25 to 44 years","Persons","249","thousands","3","v2091495","1.3.3.4","4087.8","","","","1"
"2021-10","Canada","2016A000011124","Employment","Females","25 to 44 years","Persons","249","thousands","3","v2091495","1.3.3.4","4086.0","","","","1"
"2021-06","Canada","2016A000011124","Employment","Females","45 to 64 years","Persons","249","thousands","3","v19650590","1.3.3.22","3407.8","","","","1"
"2021-07","Canada","2016A000011124","Employment","Females","45 to 64 years","Persons","249","thousands","3","v19650590","1.3.3.22","3292.9","","","","1"
"2021-08","Canada","2016A000011124","Employment","Females","45 to 64 years","Persons","249","thousands","3","v19650590","1.3.3.22","3323.4","","","","1"
"2021-09","Canada","2016A000011124","Employment","Females","45 to 64 years","Persons","249","thousands","3","v19650590","1.3.3.22","3445.8","","","","1"
"2021-10","Canada","2016A000011124","Employment","Females","45 to 64 years","Persons","249","thousands","3","v19650590","1.3.3.22","3439.0","","","","1"
"2021-06","Canada","2016A000011124","Employment","Females","45 years and over","Persons","249","thousands","3","v2091496","1.3.3.5","3744.9","","","","1"
"2021-07","Canada","2016A000011124","Employment","Females","45 years and over","Persons","249","thousands","3","v2091496","1.3.3.5","3613.8","","","","1"
"2021-08","Canada","2016A000011124","Employment","Females","45 years and over","Persons","249","thousands","3","v2091496","1.3.3.5","3638.6","","","","1"
"2021-09","Canada","2016A000011124","Employment","Females","45 years and over","Persons","249","thousands","3","v2091496","1.3.3.5","3767.9","","","","1"
"2021-10","Canada","2016A000011124","Employment","Females","45 years and over","Persons","249","thousands","3","v2091496","1.3.3.5","3762.1","","","","1"
"2021-06","Canada","2016A000011124","Employment","Females","25 to 54 years","Persons","249","thousands","3","v2091497","1.3.3.6","5877.0","","","","1"
"2021-07","Canada","2016A000011124","Employment","Females","25 to 54 years","Persons","249","thousands","3","v2091497","1.3.3.6","5765.9","","","","1"
"2021-08","Canada","2016A000011124","Employment","Females","25 to 54 years","Persons","249","thousands","3","v2091497","1.3.3.6","5777.1","","","","1"
"2021-09","Canada","2016A000011124","Employment","Females","25 to 54 years","Persons","249","thousands","3","v2091497","1.3.3.6","6000.6","","","","1"
"2021-10","Canada","2016A000011124","Employment","Females","25 to 54 years","Persons","249","thousands","3","v2091497","1.3.3.6","6007.6","","","","1"
"2021-06","Canada","2016A000011124","Employment","Females","55 years and over","Persons","249","thousands","3","v2091498","1.3.3.7","1857.0","","","","1"
"2021-07","Canada","2016A000011124","Employment","Females","55 years and over","Persons","249","thousands","3","v2091498","1.3.3.7","1776.3","","","","1"
"2021-08","Canada","2016A000011124","Employment","Females","55 years and over","Persons","249","thousands","3","v2091498","1.3.3.7","1790.1","","","","1"
"2021-09","Canada","2016A000011124","Employment","Females","55 years and over","Persons","249","thousands","3","v2091498","1.3.3.7","1855.0","","","","1"
"2021-10","Canada","2016A000011124","Employment","Females","55 years and over","Persons","249","thousands","3","v2091498","1.3.3.7","1840.5","","","","1"
"2021-06","Canada","2016A000011124","Employment","Females","15 to 64 years","Persons","249","thousands","3","v2091499","1.3.3.8","8709.5","","","","1"
"2021-07","Canada","2016A000011124","Employment","Females","15 to 64 years","Persons","249","thousands","3","v2091499","1.3.3.8","8627.2","","","","1"
"2021-08","Canada","2016A000011124","Employment","Females","15 to 64 years","Persons","249","thousands","3","v2091499","1.3.3.8","8657.4","","","","1"
"2021-09","Canada","2016A000011124","Employment","Females","15 to 64 years","Persons","249","thousands","3","v2091499","1.3.3.8","8771.3","","","","1"
"2021-10","Canada","2016A000011124","Employment","Females","15 to 64 years","Persons","249","thousands","3","v2091499","1.3.3.8","8778.0","","","","1"
"2021-06","Canada","2016A000011124","Employment","Females","15 to 19 years","Persons","249","thousands","3","v2091500","1.3.3.9","466.2","","","","1"
"2021-07","Canada","2016A000011124","Employment","Females","15 to 19 years","Persons","249","thousands","3","v2091500","1.3.3.9","546.7","","","","1"
"2021-08","Canada","2016A000011124","Employment","Females","15 to 19 years","Persons","249","thousands","3","v2091500","1.3.3.9","554.5","","","","1"
"2021-09","Canada","2016A000011124","Employment","Females","15 to 19 years","Persons","249","thousands","3","v2091500","1.3.3.9","455.9","","","","1"
"2021-10","Canada","2016A000011124","Employment","Females","15 to 19 years","Persons","249","thousands","3","v2091500","1.3.3.9","463.7","","","","1"
"2021-06","Canada","2016A000011124","Employment","Females","20 to 24 years","Persons","249","thousands","3","v2091501","1.3.3.10","846.3","","","","1"
"2021-07","Canada","2016A000011124","Employment","Females","20 to 24 years","Persons","249","thousands","3","v2091501","1.3.3.10","859.3","","","","1"
"2021-08","Canada","2016A000011124","Employment","Females","20 to 24 years","Persons","249","thousands","3","v2091501","1.3.3.10","850.9","","","","1"
"2021-09","Canada","2016A000011124","Employment","Females","20 to 24 years","Persons","249","thousands","3","v2091501","1.3.3.10","781.9","","","","1"
"2021-10","Canada","2016A000011124","Employment","Females","20 to 24 years","Persons","249","thousands","3","v2091501","1.3.3.10","789.4","","","","1"
"2021-06","Canada","2016A000011124","Employment","Females","25 to 29 years","Persons","249","thousands","3","v2091502","1.3.3.11","987.4","","","","1"
"2021-07","Canada","2016A000011124","Employment","Females","25 to 29 years","Persons","249","thousands","3","v2091502","1.3.3.11","963.9","","","","1"
"2021-08","Canada","2016A000011124","Employment","Females","25 to 29 years","Persons","249","thousands","3","v2091502","1.3.3.11","968.7","","","","1"
"2021-09","Canada","2016A000011124","Employment","Females","25 to 29 years","Persons","249","thousands","3","v2091502","1.3.3.11","1000.4","","","","1"
"2021-10","Canada","2016A000011124","Employment","Females","25 to 29 years","Persons","249","thousands","3","v2091502","1.3.3.11","985.2","","","","1"
"2021-06","Canada","2016A000011124","Employment","Females","30 to 34 years","Persons","249","thousands","3","v2091503","1.3.3.12","1017.0","","","","1"
"2021-07","Canada","2016A000011124","Employment","Females","30 to 34 years","Persons","249","thousands","3","v2091503","1.3.3.12","1014.8","","","","1"
"2021-08","Canada","2016A000011124","Employment","Females","30 to 34 years","Persons","249","thousands","3","v2091503","1.3.3.12","994.0","","","","1"
"2021-09","Canada","2016A000011124","Employment","Females","30 to 34 years","Persons","249","thousands","3","v2091503","1.3.3.12","1043.5","","","","1"
"2021-10","Canada","2016A000011124","Employment","Females","30 to 34 years","Persons","249","thousands","3","v2091503","1.3.3.12","1048.0","","","","1"
"2021-06","Canada","2016A000011124","Employment","Females","35 to 39 years","Persons","249","thousands","3","v2091504","1.3.3.13","992.6","","","","1"
"2021-07","Canada","2016A000011124","Employment","Females","35 to 39 years","Persons","249","thousands","3","v2091504","1.3.3.13","939.9","","","","1"
"2021-08","Canada","2016A000011124","Employment","Females","35 to 39 years","Persons","249","thousands","3","v2091504","1.3.3.13","978.2","","","","1"
"2021-09","Canada","2016A000011124","Employment","Females","35 to 39 years","Persons","249","thousands","3","v2091504","1.3.3.13","991.2","","","","1"
"2021-10","Canada","2016A000011124","Employment","Females","35 to 39 years","Persons","249","thousands","3","v2091504","1.3.3.13","998.7","","","","1"
"2021-06","Canada","2016A000011124","Employment","Females","40 to 44 years","Persons","249","thousands","3","v2091505","1.3.3.14","992.1","","","","1"
"2021-07","Canada","2016A000011124","Employment","Females","40 to 44 years","Persons","249","thousands","3","v2091505","1.3.3.14","1009.8","","","","1"
"2021-08","Canada","2016A000011124","Employment","Females","40 to 44 years","Persons","249","thousands","3","v2091505","1.3.3.14","987.7","","","","1"
"2021-09","Canada","2016A000011124","Employment","Females","40 to 44 years","Persons","249","thousands","3","v2091505","1.3.3.14","1052.6","","","","1"
"2021-10","Canada","2016A000011124","Employment","Females","40 to 44 years","Persons","249","thousands","3","v2091505","1.3.3.14","1054.1","","","","1"
"2021-06","Canada","2016A000011124","Employment","Females","45 to 49 years","Persons","249","thousands","3","v2091506","1.3.3.15","929.1","","","","1"
"2021-07","Canada","2016A000011124","Employment","Females","45 to 49 years","Persons","249","thousands","3","v2091506","1.3.3.15","890.1","","","","1"
"2021-08","Canada","2016A000011124","Employment","Females","45 to 49 years","Persons","249","thousands","3","v2091506","1.3.3.15","884.2","","","","1"
"2021-09","Canada","2016A000011124","Employment","Females","45 to 49 years","Persons","249","thousands","3","v2091506","1.3.3.15","913.1","","","","1"
"2021-10","Canada","2016A000011124","Employment","Females","45 to 49 years","Persons","249","thousands","3","v2091506","1.3.3.15","913.1","","","","1"
"2021-06","Canada","2016A000011124","Employment","Females","50 to 54 years","Persons","249","thousands","3","v2091507","1.3.3.16","958.8","","","","1"
"2021-07","Canada","2016A000011124","Employment","Females","50 to 54 years","Persons","249","thousands","3","v2091507","1.3.3.16","947.4","","","","1"
"2021-08","Canada","2016A000011124","Employment","Females","50 to 54 years","Persons","249","thousands","3","v2091507","1.3.3.16","964.3","","","","1"
"2021-09","Canada","2016A000011124","Employment","Females","50 to 54 years","Persons","249","thousands","3","v2091507","1.3.3.16","999.8","","","","1"
"2021-10","Canada","2016A000011124","Employment","Females","50 to 54 years","Persons","249","thousands","3","v2091507","1.3.3.16","1008.5","","","","1"
"2021-06","Canada","2016A000011124","Employment","Females","55 to 59 years","Persons","249","thousands","3","v2091508","1.3.3.17","883.1","","","","1"
"2021-07","Canada","2016A000011124","Employment","Females","55 to 59 years","Persons","249","thousands","3","v2091508","1.3.3.17","859.8","","","","1"
"2021-08","Canada","2016A000011124","Employment","Females","55 to 59 years","Persons","249","thousands","3","v2091508","1.3.3.17","865.5","","","","1"
"2021-09","Canada","2016A000011124","Employment","Females","55 to 59 years","Persons","249","thousands","3","v2091508","1.3.3.17","894.4","","","","1"
"2021-10","Canada","2016A000011124","Employment","Females","55 to 59 years","Persons","249","thousands","3","v2091508","1.3.3.17","889.9","","","","1"
"2021-06","Canada","2016A000011124","Employment","Females","60 to 64 years","Persons","249","thousands","3","v2091509","1.3.3.18","636.7","","","","1"
"2021-07","Canada","2016A000011124","Employment","Females","60 to 64 years","Persons","249","thousands","3","v2091509","1.3.3.18","595.6","","","","1"
"2021-08","Canada","2016A000011124","Employment","Females","60 to 64 years","Persons","249","thousands","3","v2091509","1.3.3.18","609.4","","","","1"
"2021-09","Canada","2016A000011124","Employment","Females","60 to 64 years","Persons","249","thousands","3","v2091509","1.3.3.18","638.6","","","","1"
"2021-10","Canada","2016A000011124","Employment","Females","60 to 64 years","Persons","249","thousands","3","v2091509","1.3.3.18","627.4","","","","1"
"2021-06","Canada","2016A000011124","Employment","Females","65 years and over","Persons","249","thousands","3","v2091510","1.3.3.19","337.1","","","","1"
"2021-07","Canada","2016A000011124","Employment","Females","65 years and over","Persons","249","thousands","3","v2091510","1.3.3.19","320.9","","","","1"
"2021-08","Canada","2016A000011124","Employment","Females","65 years and over","Persons","249","thousands","3","v2091510","1.3.3.19","315.2","","","","1"
"2021-09","Canada","2016A000011124","Employment","Females","65 years and over","Persons","249","thousands","3","v2091510","1.3.3.19","322.0","","","","1"
"2021-10","Canada","2016A000011124","Employment","Females","65 years and over","Persons","249","thousands","3","v2091510","1.3.3.19","323.2","","","","1"
"2021-06","Canada","2016A000011124","Employment","Females","65 to 69 years","Persons","249","thousands","3","v2091511","1.3.3.20","233.4","","","","1"
"2021-07","Canada","2016A000011124","Employment","Females","65 to 69 years","Persons","249","thousands","3","v2091511","1.3.3.20","221.6","","","","1"
"2021-08","Canada","2016A000011124","Employment","Females","65 to 69 years","Persons","249","thousands","3","v2091511","1.3.3.20","219.8","","","","1"
"2021-09","Canada","2016A000011124","Employment","Females","65 to 69 years","Persons","249","thousands","3","v2091511","1.3.3.20","230.5","","","","1"
"2021-10","Canada","2016A000011124","Employment","Females","65 to 69 years","Persons","249","thousands","3","v2091511","1.3.3.20","227.4","","","","1"
"2021-06","Canada","2016A000011124","Employment","Females","70 years and over","Persons","249","thousands","3","v2091512","1.3.3.21","103.7","","","","1"
"2021-07","Canada","2016A000011124","Employment","Females","70 years and over","Persons","249","thousands","3","v2091512","1.3.3.21","99.4","","","","1"
"2021-08","Canada","2016A000011124","Employment","Females","70 years and over","Persons","249","thousands","3","v2091512","1.3.3.21","95.4","","","","1"
"2021-09","Canada","2016A000011124","Employment","Females","70 years and over","Persons","249","thousands","3","v2091512","1.3.3.21","91.5","","","","1"
"2021-10","Canada","2016A000011124","Employment","Females","70 years and over","Persons","249","thousands","3","v2091512","1.3.3.21","95.8","","","","1"


